{
  "experiment_name": "chunked_bm25_validation",
  "retriever_name": "chunked_bm25",
  "retriever_params": {
    "name": "chunked_bm25",
    "chunk_size": 1600,
    "chunk_stride": 800
  },
  "metric_name": "recall@5",
  "metric_value": 0.3586206896551724,
  "strict_cv_mean": 0.3940177051844325,
  "strict_cv_std": 0.08694424918011719,
  "strict_holdout": 0.3586206896551724,
  "num_documents": 468,
  "num_train_queries": 700,
  "num_dev_queries": 555,
  "num_holdout_queries": 145,
  "top_k": 5,
  "retrieve_k": 20,
  "extra_metric_ks": [
    20
  ],
  "validation_splits": "/content/legal-rag-hackathon/data/processed/validation/validation_splits.csv",
  "fold_metrics": [
    {
      "split": "strict_cv",
      "fold": 0,
      "num_train_queries": 391,
      "num_val_queries": 164,
      "num_val_gold_docs": 22,
      "recall@5": 0.47560975609756095,
      "recall@20": 0.7012195121951219
    },
    {
      "split": "strict_cv",
      "fold": 1,
      "num_train_queries": 421,
      "num_val_queries": 134,
      "num_val_gold_docs": 22,
      "recall@5": 0.29850746268656714,
      "recall@20": 0.6567164179104478
    },
    {
      "split": "strict_cv",
      "fold": 2,
      "num_train_queries": 415,
      "num_val_queries": 140,
      "num_val_gold_docs": 23,
      "recall@5": 0.4857142857142857,
      "recall@20": 0.6928571428571428
    },
    {
      "split": "strict_cv",
      "fold": 3,
      "num_train_queries": 438,
      "num_val_queries": 117,
      "num_val_gold_docs": 23,
      "recall@5": 0.3162393162393162,
      "recall@20": 0.5470085470085471
    }
  ],
  "all_metrics": {
    "recall@5": {
      "strict_cv_mean": 0.3940177051844325,
      "strict_cv_std": 0.08694424918011719,
      "strict_holdout": 0.3586206896551724
    },
    "recall@20": {
      "strict_cv_mean": 0.6494504049928149,
      "strict_cv_std": 0.06146404347977471,
      "strict_holdout": 0.6827586206896552
    }
  }
}