{
  "experiment_name": "chunked_tfidf_validation",
  "retriever_name": "chunked_tfidf",
  "retriever_params": {
    "name": "chunked_tfidf",
    "chunk_size": 1600,
    "chunk_stride": 800
  },
  "metric_name": "recall@5",
  "metric_value": 0.3103448275862069,
  "strict_cv_mean": 0.3701032828353542,
  "strict_cv_std": 0.08365574242779891,
  "strict_holdout": 0.3103448275862069,
  "num_documents": 468,
  "num_train_queries": 700,
  "num_dev_queries": 555,
  "num_holdout_queries": 145,
  "top_k": 5,
  "retrieve_k": 20,
  "extra_metric_ks": [
    20
  ],
  "validation_splits": "/content/legal-rag-hackathon/data/processed/validation/validation_splits.csv",
  "fold_metrics": [
    {
      "split": "strict_cv",
      "fold": 0,
      "num_train_queries": 391,
      "num_val_queries": 164,
      "num_val_gold_docs": 22,
      "recall@5": 0.4573170731707317,
      "recall@20": 0.6707317073170732
    },
    {
      "split": "strict_cv",
      "fold": 1,
      "num_train_queries": 421,
      "num_val_queries": 134,
      "num_val_gold_docs": 22,
      "recall@5": 0.291044776119403,
      "recall@20": 0.5746268656716418
    },
    {
      "split": "strict_cv",
      "fold": 2,
      "num_train_queries": 415,
      "num_val_queries": 140,
      "num_val_gold_docs": 23,
      "recall@5": 0.45,
      "recall@20": 0.6714285714285714
    },
    {
      "split": "strict_cv",
      "fold": 3,
      "num_train_queries": 438,
      "num_val_queries": 117,
      "num_val_gold_docs": 23,
      "recall@5": 0.28205128205128205,
      "recall@20": 0.5299145299145299
    }
  ],
  "all_metrics": {
    "recall@5": {
      "strict_cv_mean": 0.3701032828353542,
      "strict_cv_std": 0.08365574242779891,
      "strict_holdout": 0.3103448275862069
    },
    "recall@20": {
      "strict_cv_mean": 0.611675418582954,
      "strict_cv_std": 0.06147260101604638,
      "strict_holdout": 0.6413793103448275
    }
  }
}