{
  "experiment_name": "chunk_pooling_sweep_chunked_bm25_top2_sum",
  "retriever_name": "chunked_bm25",
  "retriever_params": {
    "name": "chunked_bm25",
    "chunk_size": 1600,
    "chunk_stride": 800,
    "use_lemmas": true,
    "chunk_score_aggregation": "top2_sum",
    "chunk_score_top_k": 3
  },
  "metric_name": "recall@5",
  "metric_value": 0.35172413793103446,
  "strict_cv_mean": 0.5155984628363587,
  "strict_cv_std": 0.07993390409669983,
  "strict_holdout": 0.35172413793103446,
  "num_documents": 468,
  "num_train_queries": 700,
  "num_dev_queries": 555,
  "num_holdout_queries": 145,
  "top_k": 5,
  "retrieve_k": 20,
  "extra_metric_ks": [
    20
  ],
  "validation_splits": "/content/legal-rag-hackathon/data/processed/validation/validation_splits.csv",
  "fold_metrics": [
    {
      "split": "strict_cv",
      "fold": 0,
      "num_train_queries": 391,
      "num_val_queries": 164,
      "num_val_gold_docs": 22,
      "recall@5": 0.6158536585365854,
      "recall@20": 0.8963414634146342
    },
    {
      "split": "strict_cv",
      "fold": 1,
      "num_train_queries": 421,
      "num_val_queries": 134,
      "num_val_gold_docs": 22,
      "recall@5": 0.44776119402985076,
      "recall@20": 0.7611940298507462
    },
    {
      "split": "strict_cv",
      "fold": 2,
      "num_train_queries": 415,
      "num_val_queries": 140,
      "num_val_gold_docs": 23,
      "recall@5": 0.5714285714285714,
      "recall@20": 0.7714285714285715
    },
    {
      "split": "strict_cv",
      "fold": 3,
      "num_train_queries": 438,
      "num_val_queries": 117,
      "num_val_gold_docs": 23,
      "recall@5": 0.42735042735042733,
      "recall@20": 0.6153846153846154
    }
  ],
  "all_metrics": {
    "recall@5": {
      "strict_cv_mean": 0.5155984628363587,
      "strict_cv_std": 0.07993390409669983,
      "strict_holdout": 0.35172413793103446
    },
    "recall@20": {
      "strict_cv_mean": 0.7610871700196418,
      "strict_cv_std": 0.09953631788331789,
      "strict_holdout": 0.7517241379310344
    }
  }
}