{
  "experiment_name": "chunked_tfidf_lemma_validation",
  "retriever_name": "chunked_tfidf",
  "retriever_params": {
    "name": "chunked_tfidf",
    "chunk_size": 1600,
    "chunk_stride": 800,
    "use_lemmas": true
  },
  "metric_name": "recall@5",
  "metric_value": 0.36551724137931035,
  "strict_cv_mean": 0.45088302568280725,
  "strict_cv_std": 0.053923813056148524,
  "strict_holdout": 0.36551724137931035,
  "num_documents": 468,
  "num_train_queries": 700,
  "num_dev_queries": 555,
  "num_holdout_queries": 145,
  "top_k": 5,
  "retrieve_k": 20,
  "extra_metric_ks": [
    20
  ],
  "validation_splits": "/content/legal-rag-hackathon/data/processed/validation/validation_splits.csv",
  "fold_metrics": [
    {
      "split": "strict_cv",
      "fold": 0,
      "num_train_queries": 391,
      "num_val_queries": 164,
      "num_val_gold_docs": 22,
      "recall@5": 0.4878048780487805,
      "recall@20": 0.8353658536585366
    },
    {
      "split": "strict_cv",
      "fold": 1,
      "num_train_queries": 421,
      "num_val_queries": 134,
      "num_val_gold_docs": 22,
      "recall@5": 0.4253731343283582,
      "recall@20": 0.7238805970149254
    },
    {
      "split": "strict_cv",
      "fold": 2,
      "num_train_queries": 415,
      "num_val_queries": 140,
      "num_val_gold_docs": 23,
      "recall@5": 0.5142857142857142,
      "recall@20": 0.7285714285714285
    },
    {
      "split": "strict_cv",
      "fold": 3,
      "num_train_queries": 438,
      "num_val_queries": 117,
      "num_val_gold_docs": 23,
      "recall@5": 0.37606837606837606,
      "recall@20": 0.6581196581196581
    }
  ],
  "all_metrics": {
    "recall@5": {
      "strict_cv_mean": 0.45088302568280725,
      "strict_cv_std": 0.053923813056148524,
      "strict_holdout": 0.36551724137931035
    },
    "recall@20": {
      "strict_cv_mean": 0.7364843843411372,
      "strict_cv_std": 0.06352173961352307,
      "strict_holdout": 0.7310344827586207
    }
  }
}